Country;1980;1981;1982;1983;1984;1985;1986;1987;1988;1989;1990;1991;1992;1993;1994;1995;1996;1997;1998;1999;2000;2001;2002;2003;2004;2005;2006;2007;2008;2009;2010;2011;2012;2013;2014;2015;2016;2017;2018;2019;2020;2021;2022;2023
Afghanistan;2464.4;2605.8;1848.7;1722.7;1447.6;1265.2;709.9;909.5;395.8;98.5;133.6;64.7;;;;;;;115.1;181.5;324.5;432;116.3;35.1;19.8;53.1;78.3;44;60.4;104.2;70.3;102.7;91.2;13.6;15;34.1;18.4;42.3;54.8;9.3;16.4;72.5;127.3;67.4
Albania;;;1.1;5.9;0;0;0;0;0;41723.4;;0;0;2.1;8.9;4.6;371;738.8;592.2;250;209.1;5.7;5.1;2.6;2.3;2;22.3;7.3;;0;3.4;9.6;3.1;0;;;5.9;4.1;507.6;169.2;1.4;;0.4;4.6
Algeria;834.5;1084.7;1488.7;1076.3;1060.2;913.9;174.8;106.6;109.3;168.4;70.8;229.7;331.3;115.2;212;288.2;723.4;661.7;109.8;82.1;;85.7;184.6;477.8;100.8;69.5;28.1;0;6.2;3;2.8;3;0.5;0.7;0;1.6;1;2.7;79;59.7;;;1;4.4
American Samoa;493.8;89.3;57.3;0;0;716;49.3;23.8;68.8;44.3;10677.5;396.8;0;0;0;0;0;220.7;36.1;0;17.6;0;;;0;0;;0;0;;;0;;;;;;;;;;;;
Andorra;;;;;;;;;;;;;;;;;;77.3;;30.4;30.4;75.9;15;0;0;0;0;0;0;0;0;0;0;0;0;0;0;0;0;0;0;0;0;0
Angola;3646;2337;3435.6;2487;2406.7;2333.7;1536.6;1273.4;1934.3;1763.6;2500.3;1528.8;1350;722.9;413.6;46.4;17.7;558.2;169.9;22.3;137;540.1;689.4;66.7;1.6;13.4;38.2;48.8;12.3;125.2;51.1;59.8;177.1;325.7;430.7;4.2;1.8;1;1.8;92.3;32.4;8.7;91.8;95.5
Anguilla;0;0;150.9;0;0;0;0;0;257;865.3;1785.9;114.9;0;0;0;0;0;0;0;0;0;0;;0;;;;;;;;;;;;;;0;0;0;0;0;0;0
Antigua and Barbuda;35512.2;3819.7;0;154;15.4;15.5;0;0;0;0;0;0;0;0;0;0;0;0;0;0;0;0;0;0;0;0;0;0;0;0;0;0;0;0;0;0;0;0;11;0;0;0;0;0
Argentina;574.8;617.7;153.2;241.8;1063.2;304.6;209.3;256.4;149.5;124.2;60.1;1266.7;609.9;148.9;3.9;18.7;1.7;3.5;281.2;8.5;0.2;0;0;0;0;0;0;0;0;0.1;0.4;0.1;0;0;0;0;0;0.1;0.3;2.9;1.5;0;0;0
Armenia;;;;;;;;;;;247.5;53.1;12.9;97.9;44.3;56.5;618.2;247.1;16.2;12.9;4.8;22.4;13.1;1.3;589.9;758.7;45.8;0.3;0;0;0.7;0;0;3.4;4.4;11.3;0.7;0.3;6.5;2.4;0;0;0;188.2
Aruba;;;;;;;;;;;;;;;;;;;;;;;;;;;;;;;;;;;;;;0;0;9.3;;0;0;
Australia;;;;;;;;;14.9;10;51.4;79.5;81.2;255.9;273.5;66.2;27.2;46.1;17.5;12.4;5.6;7.3;1.6;4.6;3.5;0.5;;0.5;3;4.8;3.2;8.5;8.7;6.8;14.4;3.1;4.1;3.3;4.1;11.2;1;0;0.3;1
Austria;;;;;;;;;;;;;;7.6;;;;0;0;0.1;;0;;11.1;1.8;1.1;2.8;2.4;53.8;5.9;6.2;8.1;4.3;;13.7;35.7;3.1;10.8;8.7;17;2.8;0.1;0.1;20.4
Azerbaijan;;;;;;;;;;;280.2;837;72.2;176;851.4;61.4;19.3;85.4;360.2;133.4;25.7;69.6;522.8;235.5;97.4;144;25.5;0;0.6;;0;0;0;17.3;0;0;0;0;5.5;27.8;0.2;0;0.1;1280
Bahamas;2081.5;190.2;207.8;11720.5;144.7;102.7;330;160.3;82.6;217.6;260.9;0;0;0;0;0;0;3.2;0;0;0;0;0;0;0;0;0;0;0;0;0;0;0;0;0;0;0;0;0;7.6;0;0;0;0
Bahrain;5184.1;880.8;2964;1093.1;2731.5;4438.2;217.3;47.5;10.4;363.9;114.6;13.2;21.9;3.6;0;5.1;121.6;6.4;6.3;58;9;7.1;10.6;14.8;12.6;4.3;3;6.6;1.8;2.5;0;0;0;;35;0;0;0;0;2;0;0;11.7;1.9
Bangladesh;125.9;115.6;195.2;100.4;121.2;116.7;139.8;129.9;107;249.7;15.3;81.7;49.7;46.1;79.5;40.7;39.5;81.2;50.3;42.9;37.9;32.3;25.1;28.9;68.2;179.2;42.3;19.8;17.8;4.8;5.2;36.6;12.8;1.5;1.8;1.5;6;24.7;13.8;35.3;14.5;1.2;1.8;1.6
Barbados;107.3;162.5;23.7;23.6;19.6;27.4;7.8;7.8;3.9;7.7;197.2;7.7;0;0;0;0;0;0;0;0;0;0;0;0;0;0;0;0;0;0;0;0;0;0;0;0;0;0;0;0;0;0;0;0
Belarus;;;;;;;;;;;22;132.5;227.5;378.3;80.2;148.7;38.9;13.3;51.3;15.2;2.1;4.5;1.4;2.1;0.2;0.1;15.5;0.1;0;0;0.1;5.3;1.1;1.7;6.8;0.2;1.1;0.1;27.3;21.3;0;0.3;0;21.2
Belgium;;;;;;;;;4801.7;8156.1;;721.7;952.1;731.1;1121.6;1050.6;710.9;380;0;;;8.1;;4.2;5.9;2.5;1.4;6;9.2;3.1;3.7;52.2;9.8;3.5;6.2;4.2;;32.3;10.2;41.8;4.1;0.6;0.7;5.7
Belize;4184.4;1250.1;39.3;70.4;25;42.7;740.1;1307.4;422.4;11.2;136.6;37.4;57.6;0;0;19.6;0;0;0;0;0;0;0;0;0;0;0;0;0;0;0;0;0;0;0;0;0;0;0;0;0;0;0;0
Benin;4747.5;3065.1;2850.9;2751.6;3049.8;2911;1577.2;2735.3;1061.9;640.6;;990.6;542.7;698.5;1239.6;1681.3;213.6;1446.2;95.4;367.4;587.7;786.9;206.9;27.4;32.1;24.9;20.2;38.1;100.6;153.6;40;42.2;27.7;59.5;71.3;4.8;7.6;8.1;39.8;34.3;1.4;2.6;33.1;33.9
Bermuda;409.9;74.1;367.7;18.3;54.4;0;71.6;995.3;70.5;17.5;17.4;34.5;0;0;0;0;0;0;0;0;0;0;0;;0;;;;;;;;;;;;;0;0;0;0;0;0;0
Bhutan;3788.6;2460.7;4039;2840;2680.7;1611;1808;1245;685.8;965.9;293.6;735.3;178.3;910.4;1231.7;270.1;16.4;302.5;115.9;17027.7;700.3;1237.7;43.2;0;4.6;16.6;3;16.2;10.2;8.6;29.9;14.1;1.4;0;0;14.9;60.2;87.5;23.7;2.6;;;9;12.7
Bolivia (Plurinational State of);726;1299.9;119.6;330.8;202.2;33.8;52.8;147.5;262.3;95.8;115;289.5;664.4;447.4;186.5;9.7;0.9;0.9;120.8;170.3;14.2;0;0;0;0;0;0;0;0;0;0;0;0;0;0;0;0;0;0;0;0.2;0;0;0
Bosnia and Herzegovina;;;;;;;;;;;115.1;40.1;34;63.8;234.9;33.6;;979.8;687.4;32.2;10.3;;6.7;4.3;6.8;5.6;4.2;41.4;2;5.7;11.8;2.7;6;;841.6;476.6;38.3;5.2;18.3;419.7;;;1.9;4.1
Botswana;4363.8;2223.7;1498.1;6253.5;8535;1501;877.1;105.1;575.5;2968.7;932.8;421.1;410.1;3751.1;1676;318.9;670.6;3201.6;435.6;267.4;1593;0.6;4;33.2;0.6;2.7;3.2;0.5;0;92.4;419.6;3.9;3.3;0.5;0.5;0;0.4;0;0;0;2.1;0;0.4;25.4
Brazil;819;494;310.2;448.9;609.6;560.8;933.4;468.2;182;156;411.9;280.4;51.4;38.5;0.2;4.9;3.5;313.7;16.4;5.3;0.2;0;0;0;0;0;0.3;0;0;0;0.4;0.2;0;1.1;4.4;1.1;0;;50.1;100.7;40.5;3.2;0.2;0
British Virgin Islands;1796.9;0;83.9;485;0;0;0;0;0;11067.2;5730.7;0;0;0;0;0;0;0;0;0;0;0;0;0;;;;;;;;;;;;;;0;0;0;;0;0;0
Brunei Darussalam;2606;4036.9;1226.3;2725.4;2556;2818.4;1942.6;269.4;116.2;157.2;47;;189;180.5;;;;42.6;38.4;72;128.7;33;;69.2;45.3;25.1;;;7.9;5.2;0;10;2.5;;2.4;9.5;2.3;0;2.3;2.3;0;0;0;2.2
Bulgaria;1214.8;1039.5;31.5;36.5;32.6;108.5;152.8;173.8;45;12.4;16.7;233.2;2366.8;41.8;14.4;20.6;83.8;2.8;9.8;3;5.7;1;0;0;0;0.4;0.1;0.1;0.1;300.3;2958.5;21.3;0.1;1.9;0;0;0.1;23.3;1.9;176.5;37.1;0;0.1;0
Burkina Faso;1973.7;2426.7;2852.8;2833.4;3872;2182.6;1424.5;3344.2;895.8;837.8;1070.4;701.5;2258.8;1463.3;288.9;545.8;1739.3;131.5;;476.5;509.3;339.5;137.5;225.2;5.7;18.2;8.7;0.8;25.9;3444.8;155.2;51.6;428.7;21.2;18.8;5.3;11.7;2.5;199.2;32.1;115.5;;11.2;29.5
Burundi;11229.5;12915;8982.6;10253;5802.7;7298.3;7726.2;4439.4;6199.2;5119.8;2377.3;1822.8;3814;4204.6;1258.7;2436.7;2652;209.7;234.2;462;2838.1;;148.9;31.8;0.3;0;99.7;5.3;20.3;34.1;52.8;13.3;4.9;0;0;0.8;1.4;1.6;0.8;9.1;134.7;28.5;15.9;123
Cabo Verde;3956.1;457.5;3853;4101.8;143.1;8774.6;;1259.4;19.3;2.7;0;18.2;2.5;0;73.1;23.9;0;19833.7;657.1;2.2;4.4;0;0;0;0;0;0;0;0;0;0;0;0;0;0;0;;0;0;0;;0;0;0
Cambodia;6200.2;7715.8;10596.1;1839.5;6557.4;7372.4;2739.4;1415.2;724.3;1308.6;335.3;284.4;340.1;146.5;102.4;203.4;260.5;330.7;165.3;1127.3;981.9;297.1;105.9;50;26.6;19.6;13.8;28.5;299.6;334.7;79.7;49;1;0;0;0;3.5;0.6;0.2;41.5;22.7;0.3;0.8;0.6
Cameroon;;1196.2;3752;6391.9;4071.7;4833;3174.4;1605.9;2171.9;2209.8;1866.4;1253.3;2285.6;881.7;121.8;188.6;877.4;544.7;758.7;750;981;1563.3;92.1;55.6;21.6;35.4;11.2;5.5;26.7;13.1;12.2;24.9;29.3;35.5;37.7;79.5;14.4;29.5;32.8;110.1;57.6;28.6;116.4;215.2
Canada;565.1;92.9;42.3;36.8;158.9;108.6;570;89.9;22.6;407.3;37.2;219.4;96.2;7;17.9;80.1;11;19.3;0.4;0.9;6.7;1.1;0.2;0.5;0.2;0.2;0.4;3.1;1.9;0.4;2.9;23.2;0.3;2.4;11.7;5.4;0.3;1.2;0.8;3;0;0;0.1;0.3
Cayman Islands;527;111.7;0;459.2;244.4;187.6;90.1;130;41.8;201;0;0;0;0;0;0;0;0;0;0;0;0;0;0;;;;;;;;;;;;;;0;0;;0;0;0;0
Central African Republic;3378.9;1541.3;1022.2;616.4;2489.7;940.4;677.6;804.7;699.3;118.9;444;1229.8;988;536.4;;269.4;72.2;54.9;40.2;160.9;836.6;723.8;234.1;158.9;294.1;109.8;0.7;11;2.6;2.4;0.4;148.7;30.6;128.4;45.4;32.4;77.9;167.1;45.9;685.6;683;55.9;30.4;745.5
Chad;;8;258.1;1036.3;1371.8;1261.7;666.5;666.2;647.9;1280;1207.8;3413.3;2939.9;3151.8;1429.4;3096.6;3260.7;1361.9;1558.3;835.2;416.6;2829.1;798.2;1665.4;1040.7;0.2;148.9;39.8;5.5;13.9;15.8;678.2;9.1;16.5;89.9;28.5;7.8;0.6;90.2;112.8;126;144.5;116.9;614
Chile;334;558.9;796.4;561.4;392;1379.6;997.9;205.1;3467.8;984.3;145.7;153.6;0.1;0.1;0;0;0;3.9;0.4;2;0;0;0;0.1;0;0;0;0;0;0.1;0;0.3;0;0;0;0.5;0;0;1.3;0.6;0.1;0;0;0.1
China;1141.5;1013.1;880.9;759.4;593.7;394.6;184.5;95.7;87;75;74.3;105.4;118.2;98.4;63;43.6;55.6;64.2;42.4;49.1;56;69.6;45.3;55.5;54.2;94.8;75.6;82.2;98.5;39.1;28.2;7.3;4.5;19.5;37.9;30.3;17.7;4.2;2.8;2.1;0.6;0.4;0.4;0.4
China, Hong Kong SAR;336.3;49.2;361.7;169.6;127.5;51.9;39.4;35.4;573.4;25.1;8.6;49.4;57.1;4.9;34.8;5.3;17.5;49.6;8.6;4.8;8.9;26.4;;4.8;;;;12.6;9.8;3.1;1.8;1.8;1.1;1.1;6.8;2.4;1.2;0.5;2.3;12;0.1;0.1;0.4;0.5
China, Macao SAR;296.6;35.6;0;854;392.1;909.8;343.6;0;1963.9;11.8;54.1;2.8;94;55.1;133.3;7.5;;7.2;0;2.3;11.4;6.7;;6.4;0;0;;0;7.5;0;;1.7;1.7;1.7;;0;0;3.1;4.6;55.1;0;0;0;0
Colombia;353.3;734.2;339.2;468;413.7;190.4;173.4;676.1;475.4;396.5;385.9;313.9;236.3;264.4;14.9;11.5;4.4;1.8;1.6;1.1;0;0.1;3.4;0;0;0;0;0;0;0;0;0.1;0;0;0;0;0;0;4.2;4.9;0;0;0;0
Comoros;5332.8;0;0;0;0;0;0;0;0;392.5;5236.2;0;0;0;4.1;0;0;0;0;0;;;0;0;0;1538.8;140.6;0;0;1.6;0;4.5;1.5;0;0;0;0;0;0;82.6;0;0;4.8;60
Congo;6502;5170.7;6768.6;8533;9309.7;3690.6;3029.3;650.3;202;215.3;1515.6;1650.3;1707.5;267;84.5;866;1378.6;438.7;58.9;103.2;532.5;657.6;832;1077.3;988.3;39.5;32.8;21.1;0.5;0.2;0.9;68.3;54.8;25.5;14.3;266.6;53;179;5.1;11.8;6.4;27.2;1113.2;62.3
Cook Islands;20512;3237.7;801.3;231.5;58.6;2970.5;301.2;965.1;895.4;40810.3;2102.8;3524;515.1;170.5;0;393.7;0;11009;527;0;126.1;0;0;1131.3;0;0;394.6;64.5;0;0;0;0;0;;;;;;0;0;;;;
Costa Rica;418.3;69.2;66.1;15;4.1;0.4;1609.4;1384.2;120.6;10.8;24.3;1966.2;718.9;81.1;0;9.9;6.6;7;7.1;6;0;0;0;0.2;0;0.2;;0;0;0;0;0;0;0;0.2;0;0;0;0;2;0;0;0;0.2
Croatia;;;;;;;;;;;24.6;24.2;33.5;18.4;29.5;150.9;26.1;53.3;145.8;7.1;2.1;1.9;1.4;4.4;12.5;0.5;0.2;0;11.8;0.5;1.6;2.8;0.5;0;;49.2;1;1.7;5.7;13;0;0;0;0.8
Cuba;400.2;1866.8;2361.4;329;329.1;283;323.3;83;11.6;1.1;1.1;1.6;1.1;0.2;0;0.1;0;0;0;0;0;0;0;0;0;0;0;0;0;0;0;0;0;;0;0;0;0;0;0;0;0;0;0
Curaçao;;;;;;;;;;;;;;;;;;;;;;;;;;;;;;;;;;;;;;0;0;5.3;;;;
Cyprus;0;4.4;38.8;258.8;4.2;1.4;1.3;0;0;0;5.1;1.3;24.7;0;0;0;62.5;1.1;1.1;0;0;;0;0;0;1;0;0;0.9;0;16;0;0.9;0;8.3;0;0;2.4;11.8;4.7;0.8;0.8;0;0
Czechia;;;;;;;;;;;234.9;81.4;40.3;1.4;0.9;0.5;1;1.4;1.9;0.2;0.9;0.6;0.4;2.9;1.7;0;0.7;0.2;0.2;0.5;0;1.6;2.1;1.4;21.1;0.9;0.7;13.5;19.6;55.9;0.4;0;0;0.1
Côte d'Ivoire;928.5;1727.6;1751.8;769.9;616.1;885.6;2283.2;3148.9;1495.7;1592.2;1460.2;780.7;1118.5;543.5;;2022.1;1350.7;602.3;737.5;280.2;323.7;318.5;315.3;249.4;176.9;5.7;0.5;0.2;0.6;8.3;19.6;27.3;5.8;2;2;2.6;1.7;6.1;16.5;13.2;20.8;62;52.5;43.7
Democratic People's Republic of Korea;0;0;0;0;0;0;0;0;0;0;0;0;0;0;0;0;0;0;0;0;;0;0;0;0;0;0;144;0.3;0;0;0;0;0;0.1;0;0;0;0;;0;;0;0
Democratic Republic of the Congo;1220.3;1387;1086;719.9;376.4;624;602.2;446.4;384.3;315;124.4;;1.6;67.6;295;122.5;210.7;125.3;322.9;248.1;164;154.8;566.8;396.7;788.3;3104.8;1321.8;889.5;193.5;0.9;78.9;1888.5;983.3;1166.1;430;61.9;60.7;518;774;3582.9;857.3;549.4;42.8;2944.5
Denmark;5514.1;6960.9;3059.1;6499.6;4144.9;2578.7;4587.3;1222.5;120.5;78.9;35;31.4;24.9;22.2;6.9;3.8;22.6;11.5;;;2.6;2.1;6;0;0;0.4;5;0.4;2.5;1.1;0.9;15.1;0.4;3;4.8;1.6;0.5;0.7;1.4;2.6;0.7;0;0;1.5
Djibouti;;13213.9;86.9;;3371.9;268.2;;114.4;976.2;936.3;179.5;20.6;206.1;60.2;;12.6;632.4;;283.1;470.9;244.9;102.4;62.8;45.5;85.9;355.1;57.3;27.4;160.2;52.7;7.5;51.7;733.4;28.4;;46.1;7.7;2.8;26.1;;;0;181.2;386.8
Dominica;0;369.9;27.5;13.8;2609.1;892.1;630.2;1154.6;141.6;128.3;186.7;86.6;0;0;0;0;0;0;0;0;0;0;0;0;0;0;0;0;0;0;0;0;0;0;0;0;0;0;0;0;0;0;0;0
Dominican Republic;1703.6;581.1;611.1;481.5;704.2;686.9;76.2;74.3;100.9;214.9;486.2;1029.1;1027.2;610.6;0.4;0;0;0.1;1.7;32.4;29.5;13;0;0;0;0;0;0;0;0;0;0.2;0;0;0;0;0;0;0;0;0;0;0;0
Ecuador;333.3;557.8;191.3;289.1;769.1;127.1;87.9;157.2;799.5;356.3;157.2;148.1;398.5;325.2;322.5;79.3;3.6;0;0;0;0;0.2;0;0;0;0;0;0;0.1;0;0;16.8;4.6;0;0;0;0.1;0;1.1;0;0;0;0;0
Egypt;19.1;39.4;158.7;17;99.5;109.5;22.5;33.6;66.5;71.5;15.2;20.5;71.6;45.7;22.5;27.9;65.7;67.3;69.6;21.6;36;28.8;8.6;2.1;1;0.9;11.5;20;7.8;6.9;0.2;0.3;2.6;4.2;13.5;54.5;2.2;0.2;0.5;0;0;0;0.1;2.3
El Salvador;509.9;2746.7;792.6;511.3;995.2;288.7;55.7;79.5;151.5;0;0;0;91.1;6.7;0;0;0.2;0;0;0;0;0.3;0;0;0;0;0;0;0;0;0;0;0;0;0;;0;0;0;0;0;0;0;0
Equatorial Guinea;;;;;542.6;1203.5;1947;28081.4;33833.7;1274.1;67.5;65;581.5;296.2;490.8;77;1.7;0;;;;1785.7;30.1;21.2;42.2;;0;4.8;402;68.7;0;0;920;238.4;9.3;859.7;1126.5;0.6;0;0;30.9;24.4;27.2;146.1
Eritrea;;;;;;;;;;;;;;143.9;282.7;91.3;837.7;361;144.9;144.6;351.1;88.2;192.2;150.8;9.2;7.1;47.3;20;0;28.4;17.3;16;63.9;14.6;41;63.8;45.4;380.6;21.9;1.9;3.6;7.5;8.2;15.6
Estonia;;;;;;;;;;;21;82.4;46.1;207.4;155.9;11.7;13.2;12.7;12;8.5;6.4;0;0;0;0;1.5;20;0.7;0;0;0;5.3;3;1.5;0;3;1.5;0.8;7.6;20.3;0;0;0;2.9
Eswatini;;4202.3;14404.4;4957.8;7041.9;4606.4;3066.4;5578.6;1976.7;1743.9;1679.2;1615.3;2164.5;7359.1;628.1;176.2;2223.6;605;176.5;0;9.6;46.6;34.9;328.1;0;0;0;0;0.9;23.5;281.6;0;0;0;0;0;0.9;0;0;0;0;0;52.5;2.4
Ethiopia;310.5;277.1;286.8;155.4;254.1;1670.2;91.6;113.8;171.6;90.9;38.6;10;92.9;21.4;20.4;9.8;26.7;18.1;25.3;81.5;24.6;34;46.5;3.1;1;4.6;18;17.4;41;13.4;46.8;34.9;45.4;53.4;126;170.8;42.9;17.5;15.6;34.5;16.4;16;74.1;186.8
Fiji;1422.2;1525.5;1339.4;453.7;1170.2;210;520.8;1432.3;804;69.2;41.4;;1233.9;537.7;49.1;518.3;48.5;1019.5;;;;20;354.3;352.1;42.3;;152.7;0;0;1.1;0;;0;;;;5.4;;0;30.6;;;;
Finland;449.2;794.4;1119.1;978.4;149.3;125.2;150.7;128.7;26.1;207.9;0.6;1.6;1;0;0.2;1.2;0;0;0.2;;;0.2;0;0;0;0.2;0;0;0.9;0.4;0.9;5;;0.4;;0.4;0.7;2;2.7;2.2;0.7;0.5;0;0.2
France;23.1;20.9;14.9;15.9;17.7;7.2;16.7;;;;;2738.7;1903.4;1336.2;758.7;932.1;1130.5;1365.9;;;168.1;;85.9;;72.7;0.6;0.6;0.6;9.6;24.4;79.6;234.6;;4.2;4.1;2.4;1.2;7.9;44.6;40.1;3.6;0.2;0.2;1.8
French Polynesia;2422.2;7931.6;7122.9;5909.8;640.3;10647.1;231.6;210;92.2;410.7;147.2;149.2;104;97.6;434.3;31.5;1716.3;2260.8;0;54.9;;12.3;;;;;;0;0;0;0;0;0;0;;;;;;;0;0;0;0
Gabon;2192.7;3001.1;2213.4;5331.6;8679.1;6095.3;7750.6;2290.5;703.5;1859.7;750.2;;1199;898.3;;;60.8;;;;11.8;3916.5;81.8;;44.3;0;59.7;0;1.9;0;0.6;1.1;1.1;63.8;16.7;13.2;718.5;498.4;0.5;0.9;3.9;56.4;531.9;469.7
Gambia;397.8;354.5;2045;1726.8;;1895.5;4470.8;;;;;149.1;317.7;767.4;228.2;102.8;11.5;1120.3;;604.6;230.9;66.2;20.8;75.4;0;0;0;0;0;0;1;0;0;0;0.5;31.9;19.7;0.4;1.7;0.4;;0;22;14.1
Georgia;;;;;;;;;;;;65.4;21.7;79;143.3;36.7;63.2;72.8;47.6;32.3;11.6;8.3;48.2;52.9;1688.1;336.8;83.6;11.1;14.2;5.9;5.6;16.5;8.1;2066.6;840.5;113.7;3.7;24.8;579.5;1031.9;5.3;1.3;3.2;10.2
Germany;367;67.4;25.9;125.3;150.8;7.3;2.6;2.4;0.2;0.6;;;;;;;;;;;;73.5;56.7;9.5;1.5;9.5;28.2;7;11.3;7.1;9.6;19.9;2.1;21.9;5.4;30;3.9;11.2;6.5;6.2;0.9;0.1;0.2;0.9
Ghana;6924.1;3132.8;6298.4;2805.9;3005;4722.6;794.8;1734.3;2764;1332.5;2094.6;1085.4;2467.3;2088.1;2049.1;2314.8;1924.3;2042.9;1248.7;834.8;1174.7;668.2;592.8;91;2.7;19.4;18.2;0.3;3.4;4.1;25.2;4.6;60.3;11.6;4.4;0.8;1.1;0.6;1.1;40.8;2.8;1.6;11.9;67.5
Greece;1394.7;142.4;347.3;2393.5;120.3;147.9;104.1;186.6;501.1;52.3;23.9;133;332.8;48.3;15.6;10.6;575.4;12.8;6.2;6.4;5.2;1.1;0.5;;0.1;11.1;;0.2;0.1;0.2;13.4;3.6;0.3;0.3;0.1;0.1;0;90;213.5;4.2;0.3;0;0;0
Grenada;560.6;95.7;18149.3;2822.6;115.2;72.8;206.6;61.5;40.7;20.2;60;19.8;0;0;0;28.9;0;0;0;0;0;0;0;0;0;0;0;0;0;0;0;0;0;0;0;0;0;0;0;0;0;;0;0
Guam;63.6;53.1;77.8;25.3;857.4;96.7;47.3;15.4;15.1;22.1;7.2;439.5;27.9;171.6;1541.9;0;0;0;0;6.3;0;0;;42.9;12.2;0;;0;0;0;0;6;0;0;;0;0;0;0;0;;;;0
Guatemala;391.7;490.7;551.4;372.3;402.6;289.4;204.4;48.2;21.3;275;975.3;22.5;10.2;1.7;20.3;2.2;0.1;0.7;0.1;0;0;0;0;0;0;0;0;0;0;0;0;0;0;0;0;0;0;0;0.1;0;0;0;0;0
Guinea;1694.3;2215.9;2865.7;1652.3;802.2;529.2;450.7;1246.9;553.6;668;1982.5;1001.6;233.9;733.4;322.9;143.6;1324.6;1282.3;1134.6;2178.3;1339.9;867.5;248;281.5;1.1;10.7;0.4;0.3;9;26;4.3;1;0.5;4.7;15.3;20.7;26.2;164.4;37.9;349.5;37.8;36.8;29.7;6.5
Guinea-Bissau;1606.2;2488;1884.6;3700.6;401.8;1479.3;2456.9;187.7;1170.8;110.7;266;2408.9;822;1612.3;346.1;471.4;63.8;427.3;;390;;99.9;231.1;878.1;2612.7;0;0;0.7;8.1;0;16.6;0;0;0;0.6;85.6;0;5.9;14.6;30.5;10.9;;101.2;2.3
Guyana;599.2;9;52.8;25.8;379.8;112.8;19.5;28.8;1207.1;14.6;1.3;16;0;0;0;0;0;0;0;0;0;0;0;0;0;0;0;0;0;0;0;0;0;0;0;0;0;0;0;0;0;0;0;0
Haiti;90.3;437.1;182.3;146;277;341;42.6;485.6;35.7;86.4;206.3;;;;;;0.1;0;0.4;0;119.5;18.8;0;0;0;0;0;0;0;0;0;0;0;0;0;0;;0;0;0;0;0;0;
Honduras;1123.6;1524.6;617.9;286.4;1197.2;1497.9;135.5;314;245.3;1312.1;1678.6;18.5;11;2.4;0.5;0;0.7;0.8;0;0;0;0;0;0;0;0;0;0;0;0;0;0;0;0;0;0;0;0;0;0;0;0;;
Hungary;112;990;236.6;11.7;9.3;1.9;1.6;2.9;105.6;;2.8;1.5;1.3;3.2;1.1;0.4;1.2;2.3;2.2;0.1;0.1;2;0;0;0;0.2;0.1;0;0;0.1;0;0.5;0.2;0.1;0;0;0;3.7;1.4;2.4;0;0;0;0.1
Iceland;57;104;59.9;164.6;676.4;1549.3;542.8;56.9;44;91;54.9;38.8;30.6;30.3;26.3;7.5;3.7;3.7;;;0;0;;0;0;0;0;0;0;0;0;0;0;0;0;0;3;8.7;0;25;0;0;0;0
India;165.9;287.1;203;175.8;252.9;208.7;196.1;312.7;195.1;195.9;103.6;88.1;79.5;54.6;53.7;39;48;61.1;33.4;20.2;36.7;48;36.5;42.2;48.8;31.8;54.7;34.6;36.6;45.8;25.3;26.7;2.6;6.4;20.2;22.7;12.8;8.8;14.2;7.5;4;4;28.7;45.3
Indonesia;194.3;217.1;161.2;29.3;116.1;56.7;6.7;2.3;432.3;1274.5;501.9;483.8;424;329.8;244.9;188.6;174.1;74.1;4.9;22.4;15.5;17.5;65.3;108.7;128;68.7;87.3;82.1;64;85.6;76.6;87.8;61.3;32.9;50;57.7;26.3;33.8;19.6;7.2;1.9;1.4;27.6;64.2
Iran (Islamic Republic of);781.3;854;1077.9;947.7;688.6;415.1;289.7;363.5;209.9;104;91.5;100.6;82.2;75.2;8.2;4.2;37;61.3;44.5;63.2;178.8;142.1;140.5;169.3;0;0.1;3;1.8;1.7;3.4;6.9;0.9;4.2;2.4;1.2;7.4;1;0.6;2.4;0.2;0;1.2;2.6;7.2
Iraq;1952.8;4590.3;2191;2554;2491.6;1414.6;629.7;482.9;549.1;669;173.2;639.3;1098.6;850.9;529.2;367.3;11.9;31.9;1911.1;419.7;29.7;162.2;;;329.3;32;16.6;8.1;189.6;1009;15.8;0.5;0.4;19;36;38.2;1;1;12.1;92.2;;4.6;0.3;273.6
Ireland;323.8;311.7;545.8;1766.9;1628.3;2804.4;127.3;56.8;265.5;355.4;158.2;38.2;50.3;1210.2;343.4;65.1;62.7;50.4;55;39.2;;62.4;61.9;146.3;82.1;22.9;20.4;14.6;12.7;36.2;97.2;62.2;23.3;11;7.1;0.9;9;5.2;15.6;13.2;3;0;0.4;0.8
Israel;57.8;60;2024.9;32.6;34;732;468;103.4;45;6.6;50.6;207.3;13.3;27.7;298.1;4.1;3.5;2.1;1.4;2.4;5.9;3;0.3;19.1;17.5;0.3;1.3;77.4;131.4;0.7;3.1;9.4;27.7;6.5;0.8;9.9;1;5;373.3;131.6;0.7;0;0;
Italy;486.6;1257.6;324.8;464.6;1358;1319.8;374.6;362.6;1619.4;512.7;91.6;411;1138.1;295.4;107.2;646.8;570.2;721.4;71.2;50.8;25.4;;163.4;190.2;10.3;2.3;7.5;5.4;27.1;5.9;6.2;86;6.2;;;2.6;;66.9;44.5;27;1.7;0.2;0.3;0.7
Jamaica;16.8;2422.5;1277.3;520.8;104.2;29.2;13;15.9;12.8;2424.3;1534.1;128.3;0;0;0;6;1.6;0;0.8;0;0;0;0;0;0;0;0;0;0.7;0;0;0.4;0;0;0;0;0;0;0;0;0;0;0;0
Japan;111.7;180.4;56.2;60.7;101.9;23.3;52.1;48.2;25.4;14.3;26.4;44;;16;;;13;;7.1;;177.1;177.2;265.2;64.9;68.5;;4.1;;85.9;5.8;3.5;3.4;1.8;1.8;3.6;0.3;1.3;1.5;2.2;5.9;0.1;0;;
Jordan;247.1;504.8;656.8;72.1;976.4;201.2;102.1;539.8;1506.4;417.1;80.1;36.5;259.5;686.5;113.1;66.9;91.2;1392.3;82.9;21.8;5.9;11.1;3.4;13.2;3.6;4.6;0.2;6;0.3;0;0;0;0.4;15;2.3;0;0;0;0;4.5;0;;40.6;
Kazakhstan;;;;;;;;;;;15.9;82.5;37.3;190.9;104.9;17;7.5;7.5;123.7;90;15.8;6;1.1;1.5;139.1;1009.4;6.8;0.8;1.2;0;0.2;7.4;3.2;4.2;18;29.1;6.6;0.1;30.4;693.7;167.8;0.1;0.2;743.3
Kenya;1777.5;15531.1;15736.6;16007.8;10809.8;5806.3;1316.4;2418.4;3287.1;3921;3366.7;2534.7;2666;38.3;161.7;124.9;130.6;118.8;320.6;289.3;685.4;357.5;23.5;1.9;0.6;4.3;50;39.9;32.7;30.1;2.3;56;;4.2;7.7;2;2.7;1.3;16.4;8.6;11.4;5;32.7;16.2
Kiribati;2780.1;1126.8;174.2;0;21723.8;30302.1;29.4;315.5;3696.1;22037.5;400.8;104.8;56116.5;1445.9;3649;49.2;157.3;297.1;4144.4;23;0;0;0;;0;0;;0;0;0;0;0;0;0;0;;;0;0;24.2;0;7.8;;
Kosovo (in accordance with UN Security Council resolution 1244 (1999));;;;;;;;;;;;;;;;;;;;;;;;;;;;;;;;;;;;;;;;;;;0;0.6
Kuwait;918.4;1638.9;352.5;911.5;333.9;1088;120.2;208.5;32.8;32;42.1;122.1;234.3;155.5;259.6;7.1;8.7;14.5;48.8;6.8;3.1;;;;10.7;4.5;;;;;4.4;10.2;8.1;17.7;15;4.7;2;4.3;9.7;2.7;;0.7;1.5;1.2
Kyrgyzstan;;;;;;;;;;;131;181.8;177.2;826.7;36.1;3.6;15.5;205.9;488.4;96.2;3.2;3.4;0.4;1.2;1.5;10.1;5.1;7.5;3;0.2;0;39.7;0;0.2;53.9;2962.2;0;0.8;158.8;366.5;;0.4;;996.1
Lao People's Democratic Republic;419.1;;111;303.9;254;398.9;355.4;651.9;550.8;666.4;502.8;315.7;114;231.2;204.6;643.9;181.7;130.2;879;431;61.1;17;368.9;317.7;257.9;50.3;9.7;277.1;28.3;12.5;24.2;17.6;4.9;10.7;50.6;8.2;1.2;0.4;1.4;154.6;18.8;0.3;0;0.3
Latvia;;;;;;;;;;;7.9;2.3;94.8;21.1;4;0.8;1.2;1.6;1.2;0;0;0.4;;;0;0.9;3.2;0;1.4;0;0;0.5;1.5;0;18.1;0;0;0;13;1.6;0;0;0;0.5
Lebanon;;1;;85.9;;;;;;;;;3.5;103.6;13.1;0.8;0.5;32.6;231;1.9;1.2;1.8;8.1;116.2;46.3;132.3;201.2;77;4.9;4.4;2.4;1.8;1.7;306.6;17.6;6;7;20.5;157.8;180.7;2.6;;;59.9
Lesotho;5641.6;5264.9;4656.1;3414.3;3686.5;4532.2;2626.4;1437.1;1032.9;776.1;1212.9;1276.1;969.4;123.6;297.2;155.8;;0;;471.2;329.4;108.5;0;0.5;15.7;;0.5;1;0;0;1246.3;85.4;88;250.9;0;0;0;0;3.2;210;17.4;162.7;1.3;7.4
Liberia;3403.9;3930.8;3360.8;2294.6;2830.2;1198.8;362.1;916.2;1044.6;741.1;;;2787;2968.7;265.6;25.8;868.2;1227.1;537.8;595;2041.2;457.3;42.3;45.5;1.3;2.4;5.7;0.3;0.3;1.5;542;66.1;9.8;0;7.4;227.5;165.9;198;764.7;238.5;171.7;47.5;1544.7;838.2
Libya;451.8;433.5;249.1;267.8;669.4;1075.5;211.8;97.1;74.6;47.7;209.4;373;795.4;154.9;233.7;;;5.1;9.7;;;117.1;706.2;;483;49.8;0.2;9.7;1.3;51.7;;;51.8;;57.9;12.6;4.8;1.2;158;27;;;4.4;35.2
Lithuania;;;;;;;;;;;;38.6;54.1;67.7;78.3;51.8;9.7;8.4;5.1;6.5;5.4;2;29.9;0.3;0.3;0.3;0.3;0;0.3;0;0.6;2.3;0;11.8;3.8;17.2;7.7;0.7;10.7;298.4;0.7;0;0;1.1
Luxembourg;173.2;587.1;665.7;57.5;95.7;169.1;73.3;412.6;48.2;31.8;41.9;2.6;122.5;10.1;2.5;2.4;60.4;2.4;;;0;;;2.2;0;;16.9;0;2;0;0;11.6;3.8;0;;0;0;6.7;6.6;38.7;0;0;0;0
Madagascar;13288.8;15158.2;8840.4;10355;6600.6;6698.3;2006.7;981.3;1501.3;2533.4;1199.4;468.9;144.2;459.2;1040.4;834.9;410.8;924.9;1001.3;2199.7;2134.6;549.3;615.1;3443.6;1911;;0.1;0;0.1;0;0;0;0.1;0.2;0.1;0.1;0.2;0.4;779.1;7556.1;26.8;1.5;2.6;11.4
Malawi;25965.2;12984.1;15477.6;21306.6;11014.3;16610.6;13366.5;13753.6;9265.1;10145.8;;582.1;3174.8;351.4;212.9;415.6;881;1026.8;332.7;13.8;26.9;12.9;7.7;13.7;89.3;14.3;0.1;10.5;1.4;1.5;8006.8;1.7;0.7;0.1;0.2;0;0;0.2;0.1;0.9;3.9;0.2;1.4;8.2
Malaysia;672.2;424.7;670;651.9;552;338.5;298.2;333.5;137.2;59.3;31.6;15;19.3;28;17.5;32.2;22.1;29.3;22;114.8;269.4;93.4;16.9;25.6;226.8;54.5;21.3;14.6;12.1;5.4;2.5;53.8;63;6.5;7.2;42.2;49.4;52.8;60.2;32.2;14.1;3.7;6;57
Maldives;;8724;0;0;0;10669.5;0;0;0;0;0;0;0;249.1;2814.7;11961.9;0;;0;;70.9;0;3175.4;253;122.8;4552.4;149.8;61.6;0;17.2;0;0;0;0;0;0;0;2.2;2.1;0;29.9;0;0;9.5
Mali;1328.9;1093.6;2090.5;1090.2;547.5;3550.2;547.3;501.3;506.9;400.6;151.2;1439;819.6;1086.1;343.1;324.6;1056.5;331.7;937.8;223.2;136.5;374.7;58.3;18.3;13.1;2.4;9.1;0.1;6.6;190.4;107.8;1.5;20.1;12.7;16.1;11.6;5.6;1.3;24.4;21.5;22.9;92.6;33.2;15.3
Malta;40.8;351;4413.7;1778.6;165.5;496.4;5193.2;128.5;47.1;46.6;16.3;21.5;114.7;7.9;21;70.2;41.3;12.8;7.6;2.5;5;5;17.3;9.8;9.7;14.5;2.4;4.8;2.4;2.4;0;7.1;;;0;4.5;0;0;12.4;59.5;3.9;1.9;0;0
Marshall Islands;0;0;0;0;0;105.9;25.5;0;;298.3;313.7;417;215.6;191.1;0;;0;0;0;0;0;0;0;21824.6;0;0;0;0;;0;0;0;0;;;;;;;;;0;;0
Mauritania;7761.6;5707.8;4319.2;9777.5;6774.5;8884.9;3035.7;1288.4;233.9;2644.2;706.5;2289.4;2389.7;2646.3;1186.1;84.3;;206.9;526.5;2070.7;;521.9;322.4;1288.7;1756.6;43.2;7.3;3.6;1.3;98;381;66.8;9.7;16.6;3.6;0.3;3.2;15;17.8;43.9;0;52.6;19.7;67.5
Mauritius;36.7;0;4.1;0;5.9;2;4.8;0;1.9;0;0.9;0;6.3;77.7;8.7;5.2;0;0;;0;0;0;;625.6;22.4;5.6;2.4;10.2;9.4;11.7;9.4;1.6;0;0;0;;0;0;;76.2;;0;0;0
Mexico;441.8;161.6;90.4;46.8;70.2;317.5;128.3;35.5;49.1;250.9;830.5;60.1;6.2;2;1.4;2.7;0;0;0;0;0.3;0;0;0.4;0.6;0.1;0.2;0;0;0;0;0;0;0;0;0;0;0;0;0;1.5;0;0;0
Micronesia (Federated States of);;;;;;;;10.5;0;0;9.9;0;391.2;0;8526.2;0;;0;0;0;0;0;;0;0;0;0;0;;0;;0;0;0;1291.6;0;0;0;0;0;;;8.9;8.9
Monaco;;439.7;0;0;0;0;0;0;0;0;0;;5180.2;;;;;;0;;;;;0;;;;;;;;;144;;;;;26.5;0;26.2;;0;;0
Mongolia;3137.5;398.8;117.1;1057.9;15865.8;273.2;67.5;186.9;1466.1;1024.4;136.7;297.8;477.4;31.2;76.8;237.6;54.2;1.7;3.3;4.1;376.8;4309.2;482;7.1;0;0;10.1;4.6;11.8;3;2.6;0;0;0;0;6839.9;9955.6;2.9;0.3;0.6;0;;13.6;0
Montenegro;;;;;;;;;;;;;;;;;;;;;;;;;;;0;0;0;0;7.9;7.9;0;0;;;0;0;324.8;0;0;0;0;0
Montserrat;264.6;444.3;0;0;0;0;0;0;92.2;92.8;0;0;0;0;0;0;0;0;0;0;;0;0;;;;;;;;;;;;;;;0;0;0;;0;0;0
Morocco;4466.6;5478.3;2590.6;3836.8;531.8;190.6;678.4;1154.7;98.1;70.6;64.7;85.7;238.3;329.1;135.1;90.2;49.4;92.3;284.7;387.2;259.2;94.5;205.5;366.6;213.6;;39.5;72.1;46;26;19.5;29.8;20;2.7;0.3;0.5;;;13.5;;;;;
Mozambique;2652.6;1414.1;1007.2;971.9;1015.6;1315.4;1261.4;994.3;948.6;1769;1380.9;378.9;227.1;412.7;639.8;261;560.9;904.1;905;221.9;406.8;382.2;377.4;1490.2;473.6;620.5;8.8;12.5;0.2;2.7;100.9;7.5;6;0.3;0.3;3;;4.3;0.6;2.1;13.8;19.5;32.1;19.5
Myanmar;645.8;792.1;728;538;461.8;447.4;102.6;145.9;112;99;198.4;109.8;43.8;64.6;44.1;27.5;39;23.7;33.1;17.7;18.7;55;15.9;17.8;28.2;6.6;15.9;22.6;6.9;6.8;3.9;41.4;43.6;20.1;2.4;0.1;5.2;24.9;26.6;99.8;8.4;0.1;0.2;0.3
Namibia;;;;;;;;14448.3;3705.1;;;;4704;880.2;85.5;1075.4;2977.3;3172.4;285.7;166.6;257.9;224;676.2;136.6;2.1;2;1.5;10.4;0;1962.1;1487.3;36.8;39.2;456.4;206.3;89.3;16.4;6.4;3.5;4.5;1.8;1.4;10.7;14.2
Nauru;1307.4;0;124.4;;;;114.4;0;;0;31178.5;;;;;0;;5687.9;;98.2;0;0;0;;0;0;0;0;0;0;;0;1071.4;;;;0;;;0;;;;
Nepal;36.1;16;77.8;66.9;119.5;54.5;3.8;10.4;10.4;9;9.3;4.6;6.6;2.8;64.5;216.2;317.2;546;243.7;;382.8;434.9;266.5;519.4;464.1;190.9;106.8;52.8;77.4;7;6.9;85.9;122.1;67.5;46.2;57.5;45.4;3.5;9.3;15.1;13.4;4.9;4.4;32.4
Netherlands (Kingdom of the);12.6;5.4;6.6;33.3;5.7;1.7;6.2;15.4;102.5;8.3;1.1;3.9;30.9;30.4;19.5;11.8;3.6;1.3;0.6;148.6;63.5;;0.2;0.2;0.7;0.2;0.1;0.6;6.6;0.9;0.9;3;0.6;155.1;8.2;0.4;0.3;0.9;1.4;4.8;0.1;0;0.3;0.4
New Caledonia;5339.8;508.4;9463.9;116.1;501.3;480.5;5831.9;7370.9;53.4;46.5;102;27.6;16.1;31.4;30.7;10;;0;;;0;0;;0;;0;;0;0;0;0;0;0;0;;;;3.5;0;;;;0;0
New Zealand;;;;;;;;;;0;;2654.2;;19.3;9.1;;;540.4;43;27.6;16.8;16.7;5.3;16.4;8.1;4.8;4.8;5.9;;46;9.9;136.2;15.4;1.8;61.9;2.2;21.8;3.1;6.1;438.7;1.4;0;0;
Nicaragua;1163.4;67;65.7;31.7;42.3;257.9;672.1;204;79;0;0;0;535.2;76.1;0.7;1.1;0;0;0;0;0;0;0;0;0;0;0;0;0;0;0;0;0;0;0;0;0;0;0;0;0;0;0;0
Niger;5999.2;5716.4;6113.4;4514.8;6107;9087.5;2402.7;1889.9;2163.8;2854.1;2469.6;10538.4;3554.4;4016.9;5180.2;6998.4;6861.3;3144.2;1061.7;3252.2;1852.3;5134.6;2557.6;4234.6;4753.3;158.7;4.1;19;85.7;50.2;22.5;44.9;15.2;66.1;59.4;385.8;37.5;54.6;226.9;449.8;116.1;378.4;509.6;65.3
Nigeria;2197.6;1704.7;1783.5;1700.4;2212.5;1905.4;1326.8;865.8;824.9;356.3;1191.1;441.5;839.7;520.7;982.8;111.8;779.5;183.2;1194;1764.8;1678.9;1294.5;314.7;1029.6;223.5;764.9;4.7;17;63.2;7.8;51;109.9;36.6;291.9;36.9;65.2;87.7;55.9;34.5;134.1;41.5;48.7;107.5;88.4
Niue;6227;589.3;0;0;0;7545.8;2657.6;0;393.9;397.9;;49347.5;0;0;854.7;0;0;0;0;0;0;0;0;0;0;0;;0;0;0;0;0;0;0;;;;;;0;;;0;
North Macedonia;;;;;;;;;;;;88;88.6;1243.2;114.9;108.6;524.7;179.7;;25.9;17.5;13.1;9.2;8.6;4.3;2.4;1.4;0.5;13;2.4;105.8;343.6;3.5;2;58.1;0.5;0;9.8;33.3;704.6;0;0.5;0;0.5
Northern Mariana Islands;;;;;;;;0;0;24.2;807.5;;154.9;2524.4;620.6;0;;17.7;;0;0;;;0;0;0;;0;0;0;0;0;;0;;;;;0;0;;;;0
Norway;323.6;1118.6;2667;1497.2;428.7;316;292.5;134.5;31.6;3.1;22.4;4;17;1.6;1.4;4.1;5.2;2.5;;;0;0.9;1.1;1.8;1.5;0;0;;0.8;0.4;0.6;7.9;0.8;1.6;0.6;2.7;0;0.2;2.3;3.4;0.7;0;0.2;0.4
occupied Palestinian territory, including east Jerusalem;;;;;;;;;;;;;;;;;12;9.8;13.5;45.2;1.6;;;;;;;;;;0.2;;;;;;;13.3;0;46;197.4;2.1;;0.6
Oman;10616.8;38473.7;14892.5;7745.5;7735.7;3139.2;1415.7;2534.3;3809.7;2538.4;715.4;118.8;946.2;1537.3;86.9;32.1;21.3;5.5;2.2;4;6.6;6.5;2.1;0.4;7.5;10.2;5.2;9.3;6.9;7.1;1.1;1.6;3.7;0;;0;25.3;2;0;0;1.5;0;1.1;5
Pakistan;347.2;338.1;223.3;227.7;182;271.7;416.4;437.5;510.9;20.9;187.6;5.1;24;15.5;10.9;12.8;7.9;13;15.9;19.5;13.3;24.2;23.9;28.4;24.8;17;42.5;15.2;6;4.4;21.7;21.5;38.7;41.4;6.4;1.8;12.3;41.1;145.5;9;11.7;43.4;34.4;71.6
Palau;0;0;0;0;0;0;0;0;0;66.9;0;0;0;5680.4;0;0;0;0;54;0;0;;0;;0;0;0;0;0;0;0;0;0;0;0;0;0;0;;;;;0;0
Panama;1070.7;2161.2;1955.9;283.2;166.5;1951.5;1865.1;818.9;160.7;125.2;770.1;968.8;329.9;34.4;1.1;7;0;0;0;0;0;0;0;0;0;0;0;0;0;0;0;1.1;0;0;0;0;0;0;0;0;0;0;0;
Papua New Guinea;3871.9;5167;3912.3;3006.6;2899.7;1632.7;5351.6;2809.6;1762.7;2581.3;1174.1;681.3;1592.1;1900.5;1522.5;803.1;480.5;135.9;222.2;1178.5;1288.6;702.3;2974.3;630.8;218.9;187;0.1;0;0;0;0;0;0;1.4;269.7;4.3;0;0.8;2;0.1;0.4;0;0.2;1.2
Paraguay;244;136.4;164.6;379.4;286.8;189.7;168.9;468.9;197.6;98.3;345.9;126.9;203.1;473.6;27.3;15.9;2.8;29.8;14.3;0;0;0;0;0;0;0;0;0;0;0;0;0;0;0;0;0;0;0;0;0;0;0;0.1;0
Peru;1108.6;565.8;696.5;407.3;680;478.1;303.2;303.2;274.8;53.2;33.5;45.1;985.1;73.9;28.1;14.5;4.2;3.8;0.4;0.5;0;0;0;0;0;0;0;0;0;0;0;0;0;0;0;0.1;0;0;1.3;0.1;0;0;0;0
Philippines;557.1;548.2;709.9;836.9;1401.4;1140.3;1048.2;1408.2;1185.2;1126;683.1;451;596.2;111.7;43.6;55.5;;124.7;26.2;38.3;89.4;90.4;84.3;124.1;35;1.3;0.1;5.8;3.7;15.6;66.1;66.5;15.3;28.6;567.1;5.9;6.7;22.5;190.3;437.9;34.2;1.8;5.2;25.2
Poland;699.4;982.8;210.3;308.2;1474.1;959.1;181.7;34.1;26.6;190.4;1483.9;63.4;96.6;36.8;22.5;19.6;16.7;8.8;58.8;2.6;2;3.5;0.9;1.3;0.3;0.3;3.2;1.1;;3;0.3;;1.9;2.2;;;3.2;1.6;9.4;35.8;0.8;0.3;0.7;0.9
Portugal;;;;;;;;81.3;228.4;1178.9;40.7;27.6;20.9;88.3;323;19.1;11.1;12.8;9.4;4.9;4.4;;0.8;0.8;0.5;0.7;0;0;0.1;0.3;0.5;0.2;2.2;0.1;;0;3.3;3.3;15.7;1;1;0;0;0
Qatar;1420.7;5072.3;1624.2;2474.9;2546.9;3853.1;5478.2;1030.2;928.8;2544.4;713.4;1237.8;144.8;177.5;62.1;0;71.8;797.5;199.8;;71.3;33.9;47.8;32.2;37.5;89.7;148;298.7;;70.6;172.6;55.8;83.9;35.9;20.7;7.4;11.5;3.3;0.7;1.8;1.1;0.4;0.3;42.6
Republic of Korea;133.6;59.6;172.2;17.4;55.3;31.2;43.6;44.4;36.8;55;77.5;;;;174.7;1.6;1.6;0;0.1;;698.1;490.2;1.3;0.7;0.2;0.1;0.6;4;0;0.4;2.3;0.9;0;2.1;8.7;0.1;0.4;0.1;0.3;3.7;0.1;0;;0.1
Republic of Moldova;;;;;;;;;;;728.4;139.3;72.3;194.7;891;266;78.4;83.6;155.8;57.3;162.2;109.1;1189.7;21.2;1;1.5;8.7;2.6;0;0;0;0;3.2;7.9;0.6;0;0;0;107.8;28.9;;0;;1
Romania;472.9;969.1;2756.8;210.3;93.5;221.5;1501.1;520.2;79.3;169.1;204.5;77.3;264.5;1239.9;273.7;96.6;40.2;1052.1;428.4;10.8;1.6;0.5;0.6;0.4;5.5;237.7;151.9;16.9;0.6;0.4;9.4;206.5;369.6;57.8;3;0.2;123.1;461;326.9;200;51.8;0.1;0.9;192.3
Russian Federation;;;;;;;;;;;123.3;136.8;124.7;502.7;193.5;44.7;48.1;19.4;42.1;50.4;32.7;14.2;4;22.6;16.8;3.1;8;1.2;0.2;0.7;0.9;4.4;14.7;16.2;32.5;5.8;1.2;4.9;17.3;30.6;8.3;0;0.7;90
Rwanda;15019.3;14362.3;6441.7;3387;2827.4;2653.1;6544.7;1835.2;626.3;755.6;1216.2;773.2;2268.4;1235.5;883.2;5088.7;594.4;101.5;;535;255.1;108.1;325.9;123.9;43.8;14.2;53.1;2.7;0.6;0.5;11.7;2.9;6.9;1.5;0.9;0.1;8;11.9;18.3;64;8.3;3;2.1;7.7
Saint Kitts and Nevis;7117.9;1217.9;3244.6;13133.7;47.5;644.8;528.6;507.9;292.2;294.4;1978.6;0;0;0;0;23.6;0;0;0;0;0;0;0;0;0;0;0;0;0;0;0;0;0;0;0;0;0;0;0;0;0;0;0;0
Saint Lucia;293.4;1105.9;16565.5;567.8;102.3;69.7;243.8;30;29.6;73.3;217.6;14.3;0;0;0;13.5;0;0;0;0;0;0;0;0;0;0;0;0;0;0;0;0;0;0;0;0;0;0;0;0;0;0;0;0
Saint Vincent and the Grenadines;2466.1;180.8;7143.6;589.7;139.3;46.1;18.3;9.1;90.4;9;8.9;0;0;0;0;0;0;0;0;0;0;0;0;0;0;0;0;0;0;0;0;0;0;0;0;0;0;0;0;0;0;0;0;
Samoa;2288.2;434.6;168.2;42;0;6562.8;6;0;0;5.9;0;0;23.5;40.8;0;0;494.1;0;44.7;;;;;0;0;0;0;;;0;41.4;0;5.1;;;;;14.6;0;27109.4;51.9;0;0;0
San Marino;;;;;;;;;;;42.6;42;290.2;245.2;;;;852.7;;0;37.3;;;107.7;0;0;0;0;;0;0;0;29.9;;;;0;0;0;346.3;0;0;0;0
Sao Tome and Principe;5266.7;1928.1;29.3;2069.3;5413.8;570.6;620.8;0;1009.1;;81.3;0;0;674.5;2403.3;170.5;0;0;;;0;0;0;0;0;0;0;0;0;0;0;0;0;0;0;15;0;0;0;0;;0;;
Saudi Arabia;7624.8;5574.3;4878.6;6153.8;3956.8;2256.3;2645.8;3200.4;854.2;354.3;511.2;570.6;966.8;260.5;98.3;193.7;174;276.7;369.9;181.9;;9.1;17.4;64.3;95.6;18.1;37.6;207.8;6.8;3.4;13.3;13.9;10.9;41.5;5.3;7.3;4.1;14.9;38.3;34;1.1;10.8;7.7;67.8
Senegal;4985.6;5755.4;5259.1;4187;;;993.1;487.6;218.9;1458.2;648.1;1438.6;1881.3;1749.9;689.2;;889.9;710.3;693.9;376.9;585.8;2427.2;1737.4;141.7;2.8;0;0.3;0.9;0.5;81;33.9;1.4;3.5;1.2;2.3;4;10.8;0.7;0.8;16.3;12.6;10.9;28.8;31.2
Serbia;4802.4;2667.1;1761.4;1648.8;2569.3;3213.2;1794.4;1095.6;840.8;2049;632.2;126;268.2;2137.3;102.1;67;58.7;602.4;118.7;37.2;4.9;4.6;8.3;2;1.5;0.3;0.3;26.9;0.3;0.1;2.7;50.2;0;0.1;5.1;53.4;1.5;101.9;723.1;3.2;0;0.1;0;7.4
Seychelles;45.3;59.7;5129.3;3905.8;275;143.2;56.7;28;0;68.4;175.7;80.2;0;0;0;0;25.4;37.7;7754.9;24.4;;0;0;0;0;0;110.7;10.9;0;0;0;0;0;0;0;0;0;0;;0;224.5;0;0;0
Sierra Leone;1107.9;1020.7;1203.6;1242.8;1128.5;921;44;261.1;52.6;154.9;197.8;66.9;219.4;550.4;27.3;82.3;;84.9;;;808.2;138.3;114.3;113.2;1.3;5.3;5.9;0;7.5;5.1;175;292;103.5;2.2;146.3;86.3;127.7;253.8;45.5;5.2;2.1;21;88.3;76.2
Singapore;;304.5;747.9;252;888.3;49.7;79.4;44.2;67.4;49.7;47;68.9;187.8;0;46.5;52.4;;372.2;29.2;16.4;34.9;99.1;50.9;8;23;7.7;5.2;3.3;3.7;3.2;9.8;28.6;7.9;25.6;;;;12.5;6.7;26.8;;;;
Sint Maarten (Dutch part);;;;;;;;;;;;;;;;;;;;;;;;;;;;;;;;;;;;;;0;0;;;;;
Slovakia;;;;;;;;;;;8.9;39.9;78.2;103.4;5.4;0.4;0;115.5;98.6;0;0;0;0;0.2;0.4;0;0;0;0;0;0;0;0;0;0;0.2;0;1.3;103.8;58.3;0;0;0;1.1
Slovenia;;;;;;;;;;;;16;5;3.5;67.4;200.2;4;4.5;6.6;0.5;;0;0;0;0;0;0;0;0;0;1;10.7;1;0.5;25.3;8.7;0.5;3.9;4.3;24.5;2.9;0;0;0.5
Solomon Islands;1427.8;8533.6;13052.5;3495.3;871.3;7.1;0;1439.9;1905.1;42887.6;1034.9;131.7;244.2;4208.5;1712.7;0;0;0;0;;;0;0;0;0;0;0;0;0;0;0;0;0;0;;0;0;0;0;;;;;0
Somalia;;;;100.3;75.8;19.1;10;30.7;40.9;138.9;;;;;;;242.2;;377.1;650.4;448.6;388.2;1000.9;833.3;1168;;0.6;101.5;92.7;1.1;9.4;1400.8;801.1;246.6;766.8;543;1.8;1544.5;590.6;17.7;152;416.4;975.2;172.5
South Africa;650.2;517.6;408.2;511.2;476.8;510.4;372;604.4;396.5;461;260.7;114.6;535.9;297.2;155.6;198.6;144.1;29.3;21.1;8.2;30.9;24.5;21.7;5;16.9;12.4;1.6;0.6;0.8;113.2;238.8;1.7;0.6;0.5;1.2;0.3;0.3;3.6;1.2;1;0.7;0.3;6.4;16.3
South Sudan;;;;;;;;;;;;;;;;;;;;;;;;;;;;;;;;122.1;181.5;47;39.3;79;82.9;47.5;26;326.3;120.6;;327.4;692.9
Spain;3871.4;3879.4;4193.8;7956.2;1012.4;2089.6;5682.3;904.6;582.8;843.2;553.9;623.6;620.5;302.3;170.5;220.9;123.4;45.6;11;6;3.7;;1.6;6;0.6;0.5;8.1;5.9;6.4;0.9;6.4;80.9;25.6;2.8;3.3;2.5;0.8;3.4;4.8;6.1;1.9;0;0;0.3
Sri Lanka;338.9;412.7;868.3;531;855.8;604.6;396.3;220.4;163.6;48;244.9;115.1;41.9;32.8;32.8;23.2;8.8;10.7;9.5;127.6;856.6;15.8;7;3.3;1.7;0.1;0;2.1;1.6;1;3.8;2.9;2.4;98.6;78.2;72.2;5.1;0;0;2.2;0.1;;0;35.3
Sudan;2940.9;3644.7;3687.6;146.8;122.3;3395.4;1337.5;79;353.2;700.4;639.1;1335.7;742.2;29.1;40.1;34.1;101.4;13.6;20.8;123.4;103.4;153;155;146.5;312.9;44;7.1;10;3.8;2;19.2;155.4;230.8;74.4;17.4;89.6;42.8;15.6;112.6;78;8.6;;;27.5
Suriname;676.7;1907;1718.2;44.9;104.7;284.3;94.3;12.6;169.1;0;84.8;0;0;0;0;0;0;0;0;0;0;0;0;0;0;0;0;0;0;0;0;0;0;0;0;0;0;0;0;0;0;0;0;0
Sweden;214.9;425.5;747.5;555.4;120.3;39;20.7;;4.5;7.3;3.4;2.9;6.6;2.9;2.4;2.6;5;7;;;6.7;0.6;1;0.3;0.6;1.4;2.1;0.1;2.7;0.3;0.6;2.8;3.2;5.3;2.7;2.2;0.3;4.1;4.2;1.9;0.5;0;0.5;1
Switzerland;;;;;;;;1130.5;1152.5;406.2;296.4;397.2;625.4;432.4;200.2;198.9;282.8;902.8;281.3;112;;96.9;;78.3;5.3;8.1;;134.5;264.6;123.8;9.8;78.5;7.6;21.6;2.8;4.2;7.8;12.4;5.9;;4.3;0;0.1;5.9
Syrian Arab Republic;165;186.7;83.6;88.7;137;40;195.8;25.6;4.9;59.9;42.5;27.7;27.9;166.7;93.9;93.2;137.2;444.3;341.3;0.2;8.8;17;30.8;44.8;10.3;19.9;26.3;19.3;0.9;1;1.2;0.6;0.6;34.2;29.3;2.3;3.4;38.3;16.8;1.3;0.7;0.5;9.7;31.5
Tajikistan;;;;;;;;;;;1277.5;224;431.7;881.2;91.2;9.4;6.9;632.3;497.1;28.5;30.6;5.9;141.9;322;0.6;;0.4;0.3;0;0;0;0.1;2;0.1;0;0.3;5.9;72;0;0.7;17.2;1;44.6;28.3
Thailand;367.9;521.7;583;716.9;956.5;639.7;381.9;809.8;681.4;276;534.3;480.1;139.6;310.9;663.6;188;96.1;249;223.2;50.8;64.7;115;160.5;69.7;63.6;53.4;53.9;58;115.2;89.1;37.7;45.7;74.8;37.8;;2.2;9.2;27.3;84.6;75.7;;;0.9;0.9
Timor-Leste;;;;;;;;;;;;;;;;;;;;;;;0;102.5;44.1;214.1;92.2;0;0;9.4;46.1;687.3;14.1;3.5;39.8;35.7;1.6;0;0;16.9;1.5;;5.8;5.1
Togo;11626.6;6320.2;7038.4;6020.4;7761.9;7477;3697.6;2764.4;4662.7;901;1137.4;2413.8;1643.7;954.7;1728.2;1392.9;48.7;95.2;775.8;508;696.1;347.3;67.1;53.1;10.7;6.5;4.3;1.3;29.4;64.9;17.8;27;33.5;77.4;77.2;2.6;1.9;5.7;4.6;8.2;10.5;9.2;79.4;73.7
Tokelau;0;0;0;592.1;0;23282.2;561.2;0;0;0;0;0;0;0;;0;0;0;0;0;0;0;;0;0;0;;;;0;0;0;0;;;;;2870.3;0;0;;;;
Tonga;23892.8;1909.9;193.9;367.4;51;4204.8;2377.3;0;0;251.5;652;180.2;100;0;;0;0;10737.6;355.1;58.8;0;38.7;0;0;0;0;0;0;0;0;0;0;0;0;;;0;0;0;6236.4;;;;114.7
Trinidad and Tobago;342.3;3172.3;1118.5;2061.1;3031.6;2989;2210.9;362.3;315.4;1747.7;408.1;111.7;0;0;0;0;0;0.8;0;0;0;0;0;0;0;0;0;0;0;0;0;0;0;0;0;0;0;0;0;0;0;0;;0
Tunisia;34.1;444.9;264.6;207.5;343.6;643.2;492.1;73.6;36.1;140.7;65.7;147;1367.3;159.5;66.2;73.8;57.3;39.4;12.9;10.5;4.8;23.4;9.8;2.2;0.1;1.5;0.3;0.4;0.2;0.1;0.1;1;4.4;1.4;1.3;1.4;0.6;0.4;1.1;393.2;1.7;0.6;0.9;0.8
Turkmenistan;;;;;;;;;;;746.2;349.1;175.4;616.5;634.7;93.8;22.5;86.9;234.7;100.6;24.7;1.9;2.3;0.2;0.2;0;9.3;11.3;0;0;0;0;0;0;0;0;0;0;0;0;0;0;0;0
Turks and Caicos Islands;528.8;2023.3;361.6;11498.2;658.8;210;0;0;0;0;171.1;650.1;0;0;0;265.7;0;0;0;0;0;0;0;0;;;;;;;;;;;;;;0;0;0;0;0;0;0
Tuvalu;69101.3;398.6;2609.6;0;253.1;0;0;33926.7;0;0;;0;110.6;0;0;107.8;5459.2;1489.2;;0;;0;0;0;0;0;0;0;0;0;0;0;0;;;;;;;0;;;;
Türkiye;189.8;573.1;185.5;650.5;618.6;289.9;43.8;41.5;172.1;350.6;203;395;424.7;581.1;395.3;221.9;438.6;362.7;425.5;252.8;248.3;460.5;116.7;86.2;130.1;89.4;0.5;0;0;0.1;0.1;1.5;4.6;96.9;7.2;4.3;0.1;1;8.5;34;;;1.2;58.3
Uganda;1010.5;1374.3;822.3;3024.6;1374.1;;;;101.2;38.8;150.1;;1943.6;;2477.3;2064.2;1233.9;574.8;1888.8;1837.6;1773.1;1961.7;1953.2;1116.8;5.2;0.8;199.2;127.3;43.2;50.9;40.5;99.3;59;222.9;8.6;12.7;3.6;25.4;63.2;21.4;7.1;13.2;1.1;8.2
Ukraine;;;;;;;;;;;131.4;102;254;448;188.9;37.2;169.4;137.8;101.4;27.8;16.5;345.6;155.9;8.5;3;50.3;903.7;21.4;1;;0.8;28.8;275.8;;;2.3;2.2;105.2;1177.2;1274.1;5.9;0.4;0.3;1.7
United Arab Emirates;2752.8;2564;1449.8;1704;1339.2;1741.8;1470.6;1850.4;705.8;596.7;625.3;572.1;502.7;335.3;222.5;275.6;163.6;86.2;97.4;35.8;19.8;8.1;13.4;10;5;6.2;;;8.7;;12.5;;17.6;;41.8;40;24.7;13.1;18.4;19.9;5.3;3.6;9.6;45.5
United Kingdom of Great Britain and Northern Ireland;2628.9;1097.2;1876.7;2040.5;1198.1;1850.9;1589.6;788.4;1547.7;527.4;492.1;203.8;213.4;207.7;405.6;155.1;117.8;82.9;1.3;;1.8;1.2;5.3;7.7;3.1;1.3;12.5;16.6;23.3;19.4;7;17.5;32.7;29.8;2.1;1.4;8.5;5.5;18.2;16.3;1.4;0;0.9;7.2
United Republic of Tanzania;3288.2;4031.6;5006.6;3264;1805;2045.7;1643.6;1752.3;588.1;276.5;571.4;1015.2;474.9;581.3;120.8;104;345;230.8;309.2;176.8;427.6;336.6;142;45.1;37.2;0.6;58.6;186.5;80.2;36.1;3.7;35.2;35.2;3.8;1.7;0.6;0.6;15.3;1.3;2;2.1;0;9.5;43.3
United States of America;58.8;13.5;7.3;6.3;10.8;11.7;25.8;14.8;13.7;72.6;109.7;37.6;8.6;1.2;3.6;1.2;1.8;0.5;0.4;0.4;0.3;0.4;0.1;0.2;0.1;0.2;0.2;0.1;0.5;0.2;0.2;0.7;0.2;0.6;2.1;0.6;0.3;0.4;1.1;;3.8;0;;0.4
Uruguay;47.8;5218.9;45.4;6;117.2;53;65.3;390.2;24.8;6.5;35.4;653.4;59.6;5.1;0;1.6;0.6;0.6;1.9;10.4;0;0;0;0;0;0;0;0;0;0;0;0;0;0;0;0;0;0;0;2.6;0.6;0;0;0
Uzbekistan;;;;;;;;;;;192.7;185;94;107.1;73.9;12.8;9.8;11;36.3;48.7;3.2;0.9;1;3.3;2.9;28;30.8;31.9;0.1;0;4.1;16.5;;0;0.3;0.7;0;0;0.7;50.7;122.2;0;0.2;33
Vanuatu;337.2;380.6;6874;3233.9;12855.1;7211;7956.9;1844.2;994.6;1170.4;452.5;3564;989.7;420.2;165.3;161.5;23.4;647.1;;65.9;48.3;36.6;515.7;821.9;;14.2;0;0;0;0;0;0;0;0;38.4;146.6;;;0;0;0;0;0;0
Venezuela (Bolivarian Republic of);639;1992.4;880.8;680;695.7;1258.4;782.5;1047.1;653.9;525.1;498.4;752.2;575;952.5;707.2;7.7;3.9;1.2;0.2;0;0.9;4.6;94;0;0;0;2.9;1.2;0;0;0;0;0;0;0;0;0;23.8;190.1;18.9;0;0;0;0
Viet Nam;1655.6;1161.2;1317.3;2221.9;1521.4;1392.3;1134.5;494.6;370.9;348.1;124.8;147.6;173.3;172.7;167.3;85.6;70.5;87.7;155.2;185.3;214;154.7;85.8;28.9;2.7;5.1;24.1;0.2;4.1;76.1;32.1;8.5;6.5;12.4;164;2.8;0.5;2.4;23.4;145.7;8.6;1.6;0.2;0.4
Wallis and Futuna;30763.7;1549.6;7166.4;5197.5;315.8;;;;0;0;;;0;646.4;639.9;915.6;;0;0;0;0;;;0;;;;0;;;;;0;0;;;;;0;;;;;
Yemen;1888.2;2160.9;2390.6;3139.7;3601.9;2444.3;1310.5;1407.3;810.6;1996.5;;5.2;161.4;38.6;2.2;13.4;;2.9;476.3;1372.9;;24;42.7;397.8;575.1;275.8;343.2;0.5;0.3;5;19.1;97;76.6;13.6;27;15;4.5;13.1;312.2;33.1;8.2;132;626.4;1263.1
Zambia;17001.9;30787.4;11895.7;8014.4;5604.6;7521.1;3416;2057.1;1689.4;757.3;866.7;353.6;1346;1412.6;1662.1;971.2;1050.5;773;;2414.6;3087.6;1646.2;2351.3;80.2;3.1;3.8;37.8;42.6;10.8;1.9;1128.1;916.6;60.1;2.3;0.6;0.5;0.5;0.7;0.6;0.8;12.4;2.8;87.1;272.8
Zimbabwe;3358.8;666.1;633.7;4476.6;2581.4;2566;2269.7;1903.7;5197.9;4816;1354.2;2315.3;1620.7;3137.2;3475.1;777.2;3352.4;1140.8;176.7;65.5;124.7;44.2;25.1;81.6;2.5;33.6;16.8;18.9;0;64.9;725.9;0;0;0;0;0;0.1;0.1;0.1;0.3;0.2;17.9;344.3;338.5
Exported: 2025-4-3 19:43 UTC;;;;;;;;;;;;;;;;;;;;;;;;;;;;;;;;;;;;;;;;;;;;
